,approved_at_utc,approved_by,archived,author,author_flair_background_color,author_flair_css_class,author_flair_richtext,author_flair_template_id,author_flair_text,author_flair_text_color,author_flair_type,author_fullname,banned_at_utc,banned_by,can_gild,can_mod_post,category,clicked,content_categories,contest_mode,created,created_utc,distinguished,domain,downs,edited,gilded,hidden,hide_score,id,is_crosspostable,is_meta,is_original_content,is_reddit_media_domain,is_self,is_video,likes,link_flair_background_color,link_flair_css_class,link_flair_richtext,link_flair_template_id,link_flair_text,link_flair_text_color,link_flair_type,locked,media,media_embed,media_only,mod_note,mod_reason_by,mod_reason_title,mod_reports,name,no_follow,num_comments,num_crossposts,num_reports,over_18,parent_whitelist_status,permalink,pinned,pwls,quarantine,removal_reason,report_reasons,saved,score,secure_media,secure_media_embed,selftext,selftext_html,send_replies,spoiler,stickied,subreddit,subreddit_id,subreddit_name_prefixed,subreddit_subscribers,subreddit_type,suggested_sort,thumbnail,title,ups,url,user_reports,view_count,visited,whitelist_status,wls
0,,,False,nfl_gamethread,,robot auto-approve,"[{'e': 'text', 't': 'Game thread bot'}]",,Game thread bot,dark,richtext,t2_plq2w,,,False,False,,False,,False,1536648009.0,1536619209.0,,self.nfl,0,1536626740.0,0,False,False,9erv7x,False,False,False,False,True,False,,,green primetime,"[{'e': 'text', 't': 'Game Thread'}]",,Game Thread,dark,richtext,False,,{},False,,,,[],t3_9erv7x,False,12688,0,,False,all_ads,/r/nfl/comments/9erv7x/game_thread_new_york_jets_00_at_detroit_lions_00/,False,6,False,,,False,319,,{},"[New York Jets](/r/nyjets#away) [at](#at) [Detroit Lions](/r/detroitlions#home)


[](/# ""GT-PRIMETIME"")


----


* Ford Field
* Detroit, Michigan

----

######[](#start-box-score)





| | | | | | |
| :-- | :-- | :-- | :-- | :-- |  :-- |
|      |**First**|**Second**|**Third**|**Fourth**| **Halftime** |
|**Jets**| 7 | 10 | 0 | 0 | 17 |
|**Lions**| 7 | 3 | 0 | 0 | 10 |


######[](#end-box-score)

----

* General information
* 

----

| | |
| :-- | --: |
| **Coverage** | **Odds** |
| ESPN | Detroit -7 O/U 44 |

 
| |
|:---|
| **Weather** |
| [64°F/Wind 9mph/Partly cloudy/No precipitation expected](https://www.yr.no/place/United_States/Michigan/Detroit#weather-03n ""Weather forecast from yr.no, delivered by the Norwegian Meteorological Institute and the NRK"") |
 



----



* Game Stats
* 

----

| | | | | | |
| :-- | :-- | :-- | :-- | :-- | :-- |
| **Passing** |  | **Cmp/Att** | **Yds** | **Tds** | **Ints** |
| S.Darnold | [](/r/nyjets) | 11/15 | 122| 1 | 1 |
| M.Stafford | [](/r/detroitlions) | 10/20 | 102| 0 | 2 |
| **Rushing** |  | **Car** | **Yds** | **Lng** | **Tds** |
| B.Powell | [](/r/nyjets) | 7 | 37| 14 | 0 |
| K.Johnson | [](/r/detroitlions) | 3 | 8| 8 | 0 |
| **Receiving** |  | **Rec** | **Yds** | **Lng** | **Tds** |
| Q.Enunwa | [](/r/nyjets) | 5 | 42| 15 | 0 |
| R.Anderson | [](/r/nyjets) | 1 | 41| 41 | 1 |
| K.Golladay | [](/r/detroitlions) | 4 | 62| 25 | 0 |
| K.Johnson | [](/r/detroitlions) | 2 | 14| 9 | 0 |



----

* Scoring Summary
*  

----

| | | | |
| :--: | :--: | :-- | :-- |
| **Team** | **Q** | **Type** | **Drive** |
| [*DET*](/r/detroitlions) | 1 | TD | Q.Diggs 37 yd. interception return (M.Prater kick is good) |
| [*NYJ*](/r/nyjets) | 1 | TD | I.Crowell 6 yd. run (J.Myers kick is good) Drive: 5 plays, 32 yards in 2:34 |
| [*NYJ*](/r/nyjets) | 2 | FG | J.Myers 35 yd. Field Goal Drive: 8 plays, 32 yards in 4:08 |
| [*NYJ*](/r/nyjets) | 2 | TD | R.Anderson 41 yd. pass from S.Darnold (J.Myers kick is good) Drive: 3 plays, 49 yards in 1:22 |
| [*DET*](/r/detroitlions) | 2 | FG | M.Prater 21 yd. Field Goal Drive: 10 plays, 72 yards in 1:40 |


----

* Thread Notes
* [Message The Moderators](http://www.reddit.com/message/compose?to=%2Fr%2Fnfl)

----

| |
| :-- | 
| Discuss whatever you wish. You can trash talk, but keep it civil. |
| If you are experiencing problems with comment sorting in the official reddit app, we suggest using a third-party client instead ([Android](/r/Android/comments/7ctdf4/lets_settle_this_randroid_what_is_the_best_reddit/), [iOS](/r/ios/comments/68odw1/what_is_the_best_reddit_app_for_ios/)) |
| Turning comment sort to ['new'](/r/nfl/comments/9erv7x/game_thread_new_york_jets_00_at_detroit_lions_00/?sort=new) will help you see the newest comments. |
| Try [Tab Auto Refresh](https://mybrowseraddon.com/tab-auto-refresh.html) to auto-refresh this tab. |
| Use [reddit-stream.com](http://reddit-stream.com/comments/9erv7x) to get an autorefreshing version of this page |
| Check in on the r/nfl chat: **#reddit-nfl** on FreeNode ([open in browser](http://webchat.freenode.net/?channels=reddit-nfl)). |
| Show your team affiliation - pick your team's logo in the sidebar. |","&lt;!-- SC_OFF --&gt;&lt;div class=""md""&gt;&lt;p&gt;&lt;a href=""/r/nyjets#away""&gt;New York Jets&lt;/a&gt; &lt;a href=""#at""&gt;at&lt;/a&gt; &lt;a href=""/r/detroitlions#home""&gt;Detroit Lions&lt;/a&gt;&lt;/p&gt;

&lt;p&gt;&lt;a href=""/#"" title=""GT-PRIMETIME""&gt;&lt;/a&gt;&lt;/p&gt;

&lt;hr/&gt;

&lt;ul&gt;
&lt;li&gt;Ford Field&lt;/li&gt;
&lt;li&gt;Detroit, Michigan&lt;/li&gt;
&lt;/ul&gt;

&lt;hr/&gt;

&lt;h6&gt;&lt;a href=""#start-box-score""&gt;&lt;/a&gt;&lt;/h6&gt;

&lt;table&gt;&lt;thead&gt;
&lt;tr&gt;
&lt;th align=""left""&gt;&lt;/th&gt;
&lt;th align=""left""&gt;&lt;/th&gt;
&lt;th align=""left""&gt;&lt;/th&gt;
&lt;th align=""left""&gt;&lt;/th&gt;
&lt;th align=""left""&gt;&lt;/th&gt;
&lt;th align=""left""&gt;&lt;/th&gt;
&lt;/tr&gt;
&lt;/thead&gt;&lt;tbody&gt;
&lt;tr&gt;
&lt;td align=""left""&gt;&lt;/td&gt;
&lt;td align=""left""&gt;&lt;strong&gt;First&lt;/strong&gt;&lt;/td&gt;
&lt;td align=""left""&gt;&lt;strong&gt;Second&lt;/strong&gt;&lt;/td&gt;
&lt;td align=""left""&gt;&lt;strong&gt;Third&lt;/strong&gt;&lt;/td&gt;
&lt;td align=""left""&gt;&lt;strong&gt;Fourth&lt;/strong&gt;&lt;/td&gt;
&lt;td align=""left""&gt;&lt;strong&gt;Halftime&lt;/strong&gt;&lt;/td&gt;
&lt;/tr&gt;
&lt;tr&gt;
&lt;td align=""left""&gt;&lt;strong&gt;Jets&lt;/strong&gt;&lt;/td&gt;
&lt;td align=""left""&gt;7&lt;/td&gt;
&lt;td align=""left""&gt;10&lt;/td&gt;
&lt;td align=""left""&gt;0&lt;/td&gt;
&lt;td align=""left""&gt;0&lt;/td&gt;
&lt;td align=""left""&gt;17&lt;/td&gt;
&lt;/tr&gt;
&lt;tr&gt;
&lt;td align=""left""&gt;&lt;strong&gt;Lions&lt;/strong&gt;&lt;/td&gt;
&lt;td align=""left""&gt;7&lt;/td&gt;
&lt;td align=""left""&gt;3&lt;/td&gt;
&lt;td align=""left""&gt;0&lt;/td&gt;
&lt;td align=""left""&gt;0&lt;/td&gt;
&lt;td align=""left""&gt;10&lt;/td&gt;
&lt;/tr&gt;
&lt;/tbody&gt;&lt;/table&gt;

&lt;h6&gt;&lt;a href=""#end-box-score""&gt;&lt;/a&gt;&lt;/h6&gt;

&lt;hr/&gt;

&lt;ul&gt;
&lt;li&gt;General information&lt;/li&gt;
&lt;li&gt;&lt;/li&gt;
&lt;/ul&gt;

&lt;hr/&gt;

&lt;table&gt;&lt;thead&gt;
&lt;tr&gt;
&lt;th align=""left""&gt;&lt;/th&gt;
&lt;th align=""right""&gt;&lt;/th&gt;
&lt;/tr&gt;
&lt;/thead&gt;&lt;tbody&gt;
&lt;tr&gt;
&lt;td align=""left""&gt;&lt;strong&gt;Coverage&lt;/strong&gt;&lt;/td&gt;
&lt;td align=""right""&gt;&lt;strong&gt;Odds&lt;/strong&gt;&lt;/td&gt;
&lt;/tr&gt;
&lt;tr&gt;
&lt;td align=""left""&gt;ESPN&lt;/td&gt;
&lt;td align=""right""&gt;Detroit -7 O/U 44&lt;/td&gt;
&lt;/tr&gt;
&lt;/tbody&gt;&lt;/table&gt;

&lt;table&gt;&lt;thead&gt;
&lt;tr&gt;
&lt;th align=""left""&gt;&lt;/th&gt;
&lt;/tr&gt;
&lt;/thead&gt;&lt;tbody&gt;
&lt;tr&gt;
&lt;td align=""left""&gt;&lt;strong&gt;Weather&lt;/strong&gt;&lt;/td&gt;
&lt;/tr&gt;
&lt;tr&gt;
&lt;td align=""left""&gt;&lt;a href=""https://www.yr.no/place/United_States/Michigan/Detroit#weather-03n"" title=""Weather forecast from yr.no, delivered by the Norwegian Meteorological Institute and the NRK""&gt;64°F/Wind 9mph/Partly cloudy/No precipitation expected&lt;/a&gt;&lt;/td&gt;
&lt;/tr&gt;
&lt;/tbody&gt;&lt;/table&gt;

&lt;hr/&gt;

&lt;ul&gt;
&lt;li&gt;Game Stats&lt;/li&gt;
&lt;li&gt;&lt;/li&gt;
&lt;/ul&gt;

&lt;hr/&gt;

&lt;table&gt;&lt;thead&gt;
&lt;tr&gt;
&lt;th align=""left""&gt;&lt;/th&gt;
&lt;th align=""left""&gt;&lt;/th&gt;
&lt;th align=""left""&gt;&lt;/th&gt;
&lt;th align=""left""&gt;&lt;/th&gt;
&lt;th align=""left""&gt;&lt;/th&gt;
&lt;th align=""left""&gt;&lt;/th&gt;
&lt;/tr&gt;
&lt;/thead&gt;&lt;tbody&gt;
&lt;tr&gt;
&lt;td align=""left""&gt;&lt;strong&gt;Passing&lt;/strong&gt;&lt;/td&gt;
&lt;td align=""left""&gt;&lt;/td&gt;
&lt;td align=""left""&gt;&lt;strong&gt;Cmp/Att&lt;/strong&gt;&lt;/td&gt;
&lt;td align=""left""&gt;&lt;strong&gt;Yds&lt;/strong&gt;&lt;/td&gt;
&lt;td align=""left""&gt;&lt;strong&gt;Tds&lt;/strong&gt;&lt;/td&gt;
&lt;td align=""left""&gt;&lt;strong&gt;Ints&lt;/strong&gt;&lt;/td&gt;
&lt;/tr&gt;
&lt;tr&gt;
&lt;td align=""left""&gt;S.Darnold&lt;/td&gt;
&lt;td align=""left""&gt;&lt;a href=""/r/nyjets""&gt;&lt;/a&gt;&lt;/td&gt;
&lt;td align=""left""&gt;11/15&lt;/td&gt;
&lt;td align=""left""&gt;122&lt;/td&gt;
&lt;td align=""left""&gt;1&lt;/td&gt;
&lt;td align=""left""&gt;1&lt;/td&gt;
&lt;/tr&gt;
&lt;tr&gt;
&lt;td align=""left""&gt;M.Stafford&lt;/td&gt;
&lt;td align=""left""&gt;&lt;a href=""/r/detroitlions""&gt;&lt;/a&gt;&lt;/td&gt;
&lt;td align=""left""&gt;10/20&lt;/td&gt;
&lt;td align=""left""&gt;102&lt;/td&gt;
&lt;td align=""left""&gt;0&lt;/td&gt;
&lt;td align=""left""&gt;2&lt;/td&gt;
&lt;/tr&gt;
&lt;tr&gt;
&lt;td align=""left""&gt;&lt;strong&gt;Rushing&lt;/strong&gt;&lt;/td&gt;
&lt;td align=""left""&gt;&lt;/td&gt;
&lt;td align=""left""&gt;&lt;strong&gt;Car&lt;/strong&gt;&lt;/td&gt;
&lt;td align=""left""&gt;&lt;strong&gt;Yds&lt;/strong&gt;&lt;/td&gt;
&lt;td align=""left""&gt;&lt;strong&gt;Lng&lt;/strong&gt;&lt;/td&gt;
&lt;td align=""left""&gt;&lt;strong&gt;Tds&lt;/strong&gt;&lt;/td&gt;
&lt;/tr&gt;
&lt;tr&gt;
&lt;td align=""left""&gt;B.Powell&lt;/td&gt;
&lt;td align=""left""&gt;&lt;a href=""/r/nyjets""&gt;&lt;/a&gt;&lt;/td&gt;
&lt;td align=""left""&gt;7&lt;/td&gt;
&lt;td align=""left""&gt;37&lt;/td&gt;
&lt;td align=""left""&gt;14&lt;/td&gt;
&lt;td align=""left""&gt;0&lt;/td&gt;
&lt;/tr&gt;
&lt;tr&gt;
&lt;td align=""left""&gt;K.Johnson&lt;/td&gt;
&lt;td align=""left""&gt;&lt;a href=""/r/detroitlions""&gt;&lt;/a&gt;&lt;/td&gt;
&lt;td align=""left""&gt;3&lt;/td&gt;
&lt;td align=""left""&gt;8&lt;/td&gt;
&lt;td align=""left""&gt;8&lt;/td&gt;
&lt;td align=""left""&gt;0&lt;/td&gt;
&lt;/tr&gt;
&lt;tr&gt;
&lt;td align=""left""&gt;&lt;strong&gt;Receiving&lt;/strong&gt;&lt;/td&gt;
&lt;td align=""left""&gt;&lt;/td&gt;
&lt;td align=""left""&gt;&lt;strong&gt;Rec&lt;/strong&gt;&lt;/td&gt;
&lt;td align=""left""&gt;&lt;strong&gt;Yds&lt;/strong&gt;&lt;/td&gt;
&lt;td align=""left""&gt;&lt;strong&gt;Lng&lt;/strong&gt;&lt;/td&gt;
&lt;td align=""left""&gt;&lt;strong&gt;Tds&lt;/strong&gt;&lt;/td&gt;
&lt;/tr&gt;
&lt;tr&gt;
&lt;td align=""left""&gt;Q.Enunwa&lt;/td&gt;
&lt;td align=""left""&gt;&lt;a href=""/r/nyjets""&gt;&lt;/a&gt;&lt;/td&gt;
&lt;td align=""left""&gt;5&lt;/td&gt;
&lt;td align=""left""&gt;42&lt;/td&gt;
&lt;td align=""left""&gt;15&lt;/td&gt;
&lt;td align=""left""&gt;0&lt;/td&gt;
&lt;/tr&gt;
&lt;tr&gt;
&lt;td align=""left""&gt;R.Anderson&lt;/td&gt;
&lt;td align=""left""&gt;&lt;a href=""/r/nyjets""&gt;&lt;/a&gt;&lt;/td&gt;
&lt;td align=""left""&gt;1&lt;/td&gt;
&lt;td align=""left""&gt;41&lt;/td&gt;
&lt;td align=""left""&gt;41&lt;/td&gt;
&lt;td align=""left""&gt;1&lt;/td&gt;
&lt;/tr&gt;
&lt;tr&gt;
&lt;td align=""left""&gt;K.Golladay&lt;/td&gt;
&lt;td align=""left""&gt;&lt;a href=""/r/detroitlions""&gt;&lt;/a&gt;&lt;/td&gt;
&lt;td align=""left""&gt;4&lt;/td&gt;
&lt;td align=""left""&gt;62&lt;/td&gt;
&lt;td align=""left""&gt;25&lt;/td&gt;
&lt;td align=""left""&gt;0&lt;/td&gt;
&lt;/tr&gt;
&lt;tr&gt;
&lt;td align=""left""&gt;K.Johnson&lt;/td&gt;
&lt;td align=""left""&gt;&lt;a href=""/r/detroitlions""&gt;&lt;/a&gt;&lt;/td&gt;
&lt;td align=""left""&gt;2&lt;/td&gt;
&lt;td align=""left""&gt;14&lt;/td&gt;
&lt;td align=""left""&gt;9&lt;/td&gt;
&lt;td align=""left""&gt;0&lt;/td&gt;
&lt;/tr&gt;
&lt;/tbody&gt;&lt;/table&gt;

&lt;hr/&gt;

&lt;ul&gt;
&lt;li&gt;Scoring Summary&lt;/li&gt;
&lt;li&gt; &lt;/li&gt;
&lt;/ul&gt;

&lt;hr/&gt;

&lt;table&gt;&lt;thead&gt;
&lt;tr&gt;
&lt;th align=""center""&gt;&lt;/th&gt;
&lt;th align=""center""&gt;&lt;/th&gt;
&lt;th align=""left""&gt;&lt;/th&gt;
&lt;th align=""left""&gt;&lt;/th&gt;
&lt;/tr&gt;
&lt;/thead&gt;&lt;tbody&gt;
&lt;tr&gt;
&lt;td align=""center""&gt;&lt;strong&gt;Team&lt;/strong&gt;&lt;/td&gt;
&lt;td align=""center""&gt;&lt;strong&gt;Q&lt;/strong&gt;&lt;/td&gt;
&lt;td align=""left""&gt;&lt;strong&gt;Type&lt;/strong&gt;&lt;/td&gt;
&lt;td align=""left""&gt;&lt;strong&gt;Drive&lt;/strong&gt;&lt;/td&gt;
&lt;/tr&gt;
&lt;tr&gt;
&lt;td align=""center""&gt;&lt;a href=""/r/detroitlions""&gt;&lt;em&gt;DET&lt;/em&gt;&lt;/a&gt;&lt;/td&gt;
&lt;td align=""center""&gt;1&lt;/td&gt;
&lt;td align=""left""&gt;TD&lt;/td&gt;
&lt;td align=""left""&gt;Q.Diggs 37 yd. interception return (M.Prater kick is good)&lt;/td&gt;
&lt;/tr&gt;
&lt;tr&gt;
&lt;td align=""center""&gt;&lt;a href=""/r/nyjets""&gt;&lt;em&gt;NYJ&lt;/em&gt;&lt;/a&gt;&lt;/td&gt;
&lt;td align=""center""&gt;1&lt;/td&gt;
&lt;td align=""left""&gt;TD&lt;/td&gt;
&lt;td align=""left""&gt;I.Crowell 6 yd. run (J.Myers kick is good) Drive: 5 plays, 32 yards in 2:34&lt;/td&gt;
&lt;/tr&gt;
&lt;tr&gt;
&lt;td align=""center""&gt;&lt;a href=""/r/nyjets""&gt;&lt;em&gt;NYJ&lt;/em&gt;&lt;/a&gt;&lt;/td&gt;
&lt;td align=""center""&gt;2&lt;/td&gt;
&lt;td align=""left""&gt;FG&lt;/td&gt;
&lt;td align=""left""&gt;J.Myers 35 yd. Field Goal Drive: 8 plays, 32 yards in 4:08&lt;/td&gt;
&lt;/tr&gt;
&lt;tr&gt;
&lt;td align=""center""&gt;&lt;a href=""/r/nyjets""&gt;&lt;em&gt;NYJ&lt;/em&gt;&lt;/a&gt;&lt;/td&gt;
&lt;td align=""center""&gt;2&lt;/td&gt;
&lt;td align=""left""&gt;TD&lt;/td&gt;
&lt;td align=""left""&gt;R.Anderson 41 yd. pass from S.Darnold (J.Myers kick is good) Drive: 3 plays, 49 yards in 1:22&lt;/td&gt;
&lt;/tr&gt;
&lt;tr&gt;
&lt;td align=""center""&gt;&lt;a href=""/r/detroitlions""&gt;&lt;em&gt;DET&lt;/em&gt;&lt;/a&gt;&lt;/td&gt;
&lt;td align=""center""&gt;2&lt;/td&gt;
&lt;td align=""left""&gt;FG&lt;/td&gt;
&lt;td align=""left""&gt;M.Prater 21 yd. Field Goal Drive: 10 plays, 72 yards in 1:40&lt;/td&gt;
&lt;/tr&gt;
&lt;/tbody&gt;&lt;/table&gt;

&lt;hr/&gt;

&lt;ul&gt;
&lt;li&gt;Thread Notes&lt;/li&gt;
&lt;li&gt;&lt;a href=""http://www.reddit.com/message/compose?to=%2Fr%2Fnfl""&gt;Message The Moderators&lt;/a&gt;&lt;/li&gt;
&lt;/ul&gt;

&lt;hr/&gt;

&lt;table&gt;&lt;thead&gt;
&lt;tr&gt;
&lt;th align=""left""&gt;&lt;/th&gt;
&lt;/tr&gt;
&lt;/thead&gt;&lt;tbody&gt;
&lt;tr&gt;
&lt;td align=""left""&gt;Discuss whatever you wish. You can trash talk, but keep it civil.&lt;/td&gt;
&lt;/tr&gt;
&lt;tr&gt;
&lt;td align=""left""&gt;If you are experiencing problems with comment sorting in the official reddit app, we suggest using a third-party client instead (&lt;a href=""/r/Android/comments/7ctdf4/lets_settle_this_randroid_what_is_the_best_reddit/""&gt;Android&lt;/a&gt;, &lt;a href=""/r/ios/comments/68odw1/what_is_the_best_reddit_app_for_ios/""&gt;iOS&lt;/a&gt;)&lt;/td&gt;
&lt;/tr&gt;
&lt;tr&gt;
&lt;td align=""left""&gt;Turning comment sort to &lt;a href=""/r/nfl/comments/9erv7x/game_thread_new_york_jets_00_at_detroit_lions_00/?sort=new""&gt;&amp;#39;new&amp;#39;&lt;/a&gt; will help you see the newest comments.&lt;/td&gt;
&lt;/tr&gt;
&lt;tr&gt;
&lt;td align=""left""&gt;Try &lt;a href=""https://mybrowseraddon.com/tab-auto-refresh.html""&gt;Tab Auto Refresh&lt;/a&gt; to auto-refresh this tab.&lt;/td&gt;
&lt;/tr&gt;
&lt;tr&gt;
&lt;td align=""left""&gt;Use &lt;a href=""http://reddit-stream.com/comments/9erv7x""&gt;reddit-stream.com&lt;/a&gt; to get an autorefreshing version of this page&lt;/td&gt;
&lt;/tr&gt;
&lt;tr&gt;
&lt;td align=""left""&gt;Check in on the &lt;a href=""/r/nfl""&gt;r/nfl&lt;/a&gt; chat: &lt;strong&gt;#reddit-nfl&lt;/strong&gt; on FreeNode (&lt;a href=""http://webchat.freenode.net/?channels=reddit-nfl""&gt;open in browser&lt;/a&gt;).&lt;/td&gt;
&lt;/tr&gt;
&lt;tr&gt;
&lt;td align=""left""&gt;Show your team affiliation - pick your team&amp;#39;s logo in the sidebar.&lt;/td&gt;
&lt;/tr&gt;
&lt;/tbody&gt;&lt;/table&gt;
&lt;/div&gt;&lt;!-- SC_ON --&gt;",False,False,True,nfl,t5_2qmg3,r/nfl,820526,public,new,,Game Thread: New York Jets (0-0) at Detroit Lions (0-0),319,https://www.reddit.com/r/nfl/comments/9erv7x/game_thread_new_york_jets_00_at_detroit_lions_00/,[],,False,all_ads,6
1,,,False,NFL_Mod,,nfl auto-approve,"[{'e': 'text', 't': 'NFL'}]",,NFL,dark,richtext,t2_4i7ue,,,False,False,,False,,False,1536646206.0,1536617406.0,,self.nfl,0,False,0,False,False,9ermr4,False,False,False,False,True,False,,,orange,"[{'e': 'text', 't': 'Highlights'}]",,Highlights,dark,richtext,False,,{},False,,,,[],t3_9ermr4,False,41,0,,False,all_ads,/r/nfl/comments/9ermr4/picturegifvideo_highlights_thread_week_1_mnf/,False,6,False,,,False,25,,{},"Post any photos, gifs, videos or other highlights from today's game in this thread.

Please put your comment under the relevant top-level comment. Top-level comments will be removed.

Sort by [new](https://www.reddit.com/r/nfl/comments/9ermr4/picturegifvideo_highlights_thread_week_1_mnf/?sort=new) to easily find recent events.

[Previous highlight threads](http://www.reddit.com/r/nfl/search?q=flair%3A%22Highlights%22&amp;restrict_sr=on&amp;sort=new&amp;t=all)","&lt;!-- SC_OFF --&gt;&lt;div class=""md""&gt;&lt;p&gt;Post any photos, gifs, videos or other highlights from today&amp;#39;s game in this thread.&lt;/p&gt;

&lt;p&gt;Please put your comment under the relevant top-level comment. Top-level comments will be removed.&lt;/p&gt;

&lt;p&gt;Sort by &lt;a href=""https://www.reddit.com/r/nfl/comments/9ermr4/picturegifvideo_highlights_thread_week_1_mnf/?sort=new""&gt;new&lt;/a&gt; to easily find recent events.&lt;/p&gt;

&lt;p&gt;&lt;a href=""http://www.reddit.com/r/nfl/search?q=flair%3A%22Highlights%22&amp;amp;restrict_sr=on&amp;amp;sort=new&amp;amp;t=all""&gt;Previous highlight threads&lt;/a&gt;&lt;/p&gt;
&lt;/div&gt;&lt;!-- SC_ON --&gt;",False,False,True,nfl,t5_2qmg3,r/nfl,820526,public,,,"Picture/GIF/Video highlights thread (Week 1, MNF)",25,https://www.reddit.com/r/nfl/comments/9ermr4/picturegifvideo_highlights_thread_week_1_mnf/,[],,False,all_ads,6
2,,,False,Jobbe03,,falcons,"[{'e': 'text', 't': 'Falcons'}]",,Falcons,dark,richtext,t2_9u0b9,,,False,False,,False,,False,1536650015.0,1536621215.0,,twitter.com,0,False,0,False,True,9es4k2,False,False,False,False,False,False,,,orange highlight,"[{'e': 'text', 't': 'Highlights'}]",,Highlights,dark,richtext,False,,{},False,,,,[],t3_9es4k2,False,531,0,,False,all_ads,/r/nfl/comments/9es4k2/highlight_on_the_very_first_play_of_his_nfl/,False,6,False,,,False,2432,,{},,,False,False,False,nfl,t5_2qmg3,r/nfl,820526,public,,,"[Highlight] On the very first play of his NFL career, Jets QB Sam Darnold throws a pick-six to Lions DB Quandre Diggs.",2432,https://twitter.com/SlopingGiraffe/status/1039290721105338368,[],,False,all_ads,6
3,,,False,bootum,,jets,"[{'e': 'text', 't': 'Jets'}]",,Jets,dark,richtext,t2_kj0ze,,,False,False,,False,,False,1536621341.0,1536592541.0,,youtu.be,0,False,0,False,False,9eo1sn,False,False,False,False,False,False,,,,[],,,dark,text,False,"{'oembed': {'provider_url': 'https://www.youtube.com/', 'version': '1.0', 'title': 'Was Tyrod Taylor THIS bad? (Nathan Peterman Lowlights)', 'thumbnail_width': 480, 'height': 338, 'width': 600, 'html': '&lt;iframe width=""600"" height=""338"" src=""https://www.youtube.com/embed/OWQ370dZ8vg?feature=oembed&amp;enablejsapi=1"" frameborder=""0"" allow=""autoplay; encrypted-media"" allowfullscreen&gt;&lt;/iframe&gt;', 'author_name': 'Bootum Bootum', 'provider_name': 'YouTube', 'thumbnail_url': 'https://i.ytimg.com/vi/OWQ370dZ8vg/hqdefault.jpg', 'type': 'video', 'thumbnail_height': 360, 'author_url': 'https://www.youtube.com/channel/UCF6-4-eLBUb2VuJMHl7SGyA'}, 'type': 'youtube.com'}","{'content': '&lt;iframe width=""600"" height=""338"" src=""https://www.youtube.com/embed/OWQ370dZ8vg?feature=oembed&amp;enablejsapi=1"" frameborder=""0"" allow=""autoplay; encrypted-media"" allowfullscreen&gt;&lt;/iframe&gt;', 'width': 600, 'scrolling': False, 'height': 338}",False,,,,[],t3_9eo1sn,False,1266,1,,False,all_ads,/r/nfl/comments/9eo1sn/nathan_peterman_518_for_24_yards_2_interceptions/,False,6,False,,,False,6714,"{'oembed': {'provider_url': 'https://www.youtube.com/', 'version': '1.0', 'title': 'Was Tyrod Taylor THIS bad? (Nathan Peterman Lowlights)', 'thumbnail_width': 480, 'height': 338, 'width': 600, 'html': '&lt;iframe width=""600"" height=""338"" src=""https://www.youtube.com/embed/OWQ370dZ8vg?feature=oembed&amp;enablejsapi=1"" frameborder=""0"" allow=""autoplay; encrypted-media"" allowfullscreen&gt;&lt;/iframe&gt;', 'author_name': 'Bootum Bootum', 'provider_name': 'YouTube', 'thumbnail_url': 'https://i.ytimg.com/vi/OWQ370dZ8vg/hqdefault.jpg', 'type': 'video', 'thumbnail_height': 360, 'author_url': 'https://www.youtube.com/channel/UCF6-4-eLBUb2VuJMHl7SGyA'}, 'type': 'youtube.com'}","{'content': '&lt;iframe width=""600"" height=""338"" src=""https://www.youtube.com/embed/OWQ370dZ8vg?feature=oembed&amp;enablejsapi=1"" frameborder=""0"" allow=""autoplay; encrypted-media"" allowfullscreen&gt;&lt;/iframe&gt;', 'width': 600, 'scrolling': False, 'media_domain_url': 'https://www.redditmedia.com/mediaembed/9eo1sn', 'height': 338}",,,True,False,False,nfl,t5_2qmg3,r/nfl,820526,public,,,"Nathan Peterman 5-18 for 24 yards, 2 interceptions, QB Rating of 0.0, all Lowlights!",6714,https://youtu.be/OWQ370dZ8vg,[],,False,all_ads,6
4,,,False,MrJugglenuts,,vikings,"[{'e': 'text', 't': 'Vikings'}]",,Vikings,dark,richtext,t2_qtzem,,,False,False,,False,,False,1536638499.0,1536609699.0,,youtu.be,0,False,0,False,False,9eqjis,False,False,False,False,False,False,,,,[],,,dark,text,False,"{'type': 'youtube.com', 'oembed': {'provider_url': 'https://www.youtube.com/', 'title': 'Aaron Rodgers week 1 postgame interview', 'type': 'video', 'html': '&lt;iframe width=""600"" height=""338"" src=""https://www.youtube.com/embed/1_27JbYJERw?feature=oembed&amp;enablejsapi=1"" frameborder=""0"" allow=""autoplay; encrypted-media"" allowfullscreen&gt;&lt;/iframe&gt;', 'thumbnail_width': 480, 'height': 338, 'width': 600, 'version': '1.0', 'author_name': 'ILUV NFL', 'thumbnail_height': 360, 'thumbnail_url': 'https://i.ytimg.com/vi/1_27JbYJERw/hqdefault.jpg', 'provider_name': 'YouTube', 'author_url': 'https://www.youtube.com/channel/UC6K43HaVP0pIrUWd2jgphiA'}}","{'content': '&lt;iframe width=""600"" height=""338"" src=""https://www.youtube.com/embed/1_27JbYJERw?feature=oembed&amp;enablejsapi=1"" frameborder=""0"" allow=""autoplay; encrypted-media"" allowfullscreen&gt;&lt;/iframe&gt;', 'width': 600, 'scrolling': False, 'height': 338}",False,,,,[],t3_9eqjis,False,593,1,,False,all_ads,/r/nfl/comments/9eqjis/aaron_rodgers_high_as_a_kite_post_game_interview/,False,6,False,,,False,2145,"{'type': 'youtube.com', 'oembed': {'provider_url': 'https://www.youtube.com/', 'title': 'Aaron Rodgers week 1 postgame interview', 'type': 'video', 'html': '&lt;iframe width=""600"" height=""338"" src=""https://www.youtube.com/embed/1_27JbYJERw?feature=oembed&amp;enablejsapi=1"" frameborder=""0"" allow=""autoplay; encrypted-media"" allowfullscreen&gt;&lt;/iframe&gt;', 'thumbnail_width': 480, 'height': 338, 'width': 600, 'version': '1.0', 'author_name': 'ILUV NFL', 'thumbnail_height': 360, 'thumbnail_url': 'https://i.ytimg.com/vi/1_27JbYJERw/hqdefault.jpg', 'provider_name': 'YouTube', 'author_url': 'https://www.youtube.com/channel/UC6K43HaVP0pIrUWd2jgphiA'}}","{'content': '&lt;iframe width=""600"" height=""338"" src=""https://www.youtube.com/embed/1_27JbYJERw?feature=oembed&amp;enablejsapi=1"" frameborder=""0"" allow=""autoplay; encrypted-media"" allowfullscreen&gt;&lt;/iframe&gt;', 'width': 600, 'scrolling': False, 'media_domain_url': 'https://www.redditmedia.com/mediaembed/9eqjis', 'height': 338}",,,True,False,False,nfl,t5_2qmg3,r/nfl,820526,public,,,Aaron Rodgers high as a kite post game interview.,2145,https://youtu.be/1_27JbYJERw,[],,False,all_ads,6
5,,,False,TheFencingCoach,,buccaneers,"[{'e': 'text', 't': 'Buccaneers'}]",a1691656-9b4a-11e2-9085-12313b06caaf,Buccaneers,dark,richtext,t2_a8ssy,,,False,False,,False,,False,1536620158.0,1536591358.0,,twitter.com,0,False,0,False,False,9envkv,False,False,False,False,False,False,,,,[],,,dark,text,False,,{},False,,,,[],t3_9envkv,False,280,1,,False,all_ads,/r/nfl/comments/9envkv/sports_insider_ryan_fitzpatrick_had_the_game_of/,False,6,False,,,False,3230,,{},,,False,False,False,nfl,t5_2qmg3,r/nfl,820526,public,,,[Sports Insider] Ryan Fitzpatrick had the game of his life after his sons decided to pick him up in fantasy,3230,https://twitter.com/SportsInsider/status/1039162919236329472,[],,False,all_ads,6
6,,,False,OwnFall,,ravens,"[{'e': 'text', 't': 'Ravens'}]",806fe1b4-9b4a-11e2-a643-12313d259cae,Ravens,dark,richtext,t2_s1bh8,,,False,False,,False,,False,1536622430.0,1536593630.0,,self.nfl,0,False,0,False,False,9eo7c1,False,False,False,False,True,False,,,,[],,,dark,text,False,,{},False,,,,[],t3_9eo7c1,False,344,1,,False,all_ads,/r/nfl/comments/9eo7c1/tampa_bay_buccaneers_fitzpatrick_on_fitzmagic/,False,6,False,,,False,2663,,{},https://twitter.com/Buccaneers/status/1038889104375603200,"&lt;!-- SC_OFF --&gt;&lt;div class=""md""&gt;&lt;p&gt;&lt;a href=""https://twitter.com/Buccaneers/status/1038889104375603200""&gt;https://twitter.com/Buccaneers/status/1038889104375603200&lt;/a&gt;&lt;/p&gt;
&lt;/div&gt;&lt;!-- SC_ON --&gt;",True,False,False,nfl,t5_2qmg3,r/nfl,820526,public,,,"[Tampa Bay Buccaneers] Fitzpatrick on Fitzmagic memes: “I thought it was called me me, but I guess it’s called meme. Some of the guys showed me some in the locker room, and I thought it was pretty cool. Tend to stay away from that stuff though, because there’s also a lot of bad stuff out there.” ‏",2663,https://www.reddit.com/r/nfl/comments/9eo7c1/tampa_bay_buccaneers_fitzpatrick_on_fitzmagic/,[],,False,all_ads,6
7,,,False,ValKilmsnipsinBatman,,texans,"[{'e': 'text', 't': 'Texans'}]",8c5c60ec-9b4a-11e2-9499-12313d169640,Texans,dark,richtext,t2_ti892,,,False,False,,False,,False,1536636302.0,1536607502.0,,twitter.com,0,False,0,False,False,9eq7ph,False,False,False,False,False,False,,,grey,"[{'e': 'text', 't': 'Injury Report'}]",16703042-9b4b-11e2-a9ea-12313d1841d1,Injury Report,dark,richtext,False,,{},False,,,,[],t3_9eq7ph,False,205,0,,False,all_ads,/r/nfl/comments/9eq7ph/rapoport_source_patriots_rb_jeremy_hill_tore_his/,False,6,False,,,False,1118,,{},,,False,False,False,nfl,t5_2qmg3,r/nfl,820526,public,,,[Rapoport] Source: #Patriots RB Jeremy Hill tore his ACL and will be out for the 2018 season. Awful.,1118,https://twitter.com/RapSheet/status/1039233153804771330,[],,False,all_ads,6
8,,,False,PlayboyII,,rams,"[{'e': 'text', 't': 'Rams'}]",a0472952-9b4a-11e2-abaa-12313d164929,Rams,dark,richtext,t2_oq176vz,,,False,False,,False,,False,1536643268.0,1536614468.0,,self.nfl,0,False,0,False,False,9er8bk,False,False,False,False,True,False,,,,[],,,dark,text,False,,{},False,,,,[],t3_9er8bk,False,439,0,,False,all_ads,/r/nfl/comments/9er8bk/jimmy_garopollo_has_thrown_as_many_interceptions/,False,6,False,,,False,765,,{},8 touchdowns - 8 interceptions,"&lt;!-- SC_OFF --&gt;&lt;div class=""md""&gt;&lt;p&gt;8 touchdowns - 8 interceptions&lt;/p&gt;
&lt;/div&gt;&lt;!-- SC_ON --&gt;",True,False,False,nfl,t5_2qmg3,r/nfl,820526,public,,,Jimmy Garopollo has thrown as many interceptions as touchdowns in a 49er uniform,765,https://www.reddit.com/r/nfl/comments/9er8bk/jimmy_garopollo_has_thrown_as_many_interceptions/,[],,False,all_ads,6
9,,,False,TheFencingCoach,,buccaneers,"[{'e': 'text', 't': 'Buccaneers'}]",a1691656-9b4a-11e2-9085-12313b06caaf,Buccaneers,dark,richtext,t2_a8ssy,,,False,False,,False,,False,1536622976.0,1536594176.0,,twitter.com,0,False,0,False,False,9eoaac,False,False,False,False,False,False,,,,[],,,dark,text,False,,{},False,,,,[],t3_9eoaac,False,321,0,,False,all_ads,/r/nfl/comments/9eoaac/dales_aaronrodgers_never_thinks_he_has_no_chance/,False,6,False,,,False,1881,,{},,,False,False,False,nfl,t5_2qmg3,r/nfl,820526,public,,,"[Dales] #AaronRodgers NEVER thinks he has NO chance. I asked him last night, what goes through your head when you look up &amp; see 20-0 on the scoreboard. He goes to math, “3 times 7”. He said literally, that’s what I’m thinking. #Packers",1881,https://twitter.com/StaceyDales/status/1039175586562957313,[],,False,all_ads,6
10,,,False,fear865,,browns,"[{'e': 'text', 't': 'Browns'}]",86677b86-9b4a-11e2-b449-12313d259cae,Browns,dark,richtext,t2_6iyz3,,,False,False,,False,,False,1536627763.0,1536598963.0,,twitter.com,0,False,0,False,False,9eoza2,False,False,False,False,False,False,,,,[],,,dark,text,False,,{},False,,,,[],t3_9eoza2,False,325,0,,False,all_ads,/r/nfl/comments/9eoza2/yates_jarvis_landry_had_zero_100_yard_games_in/,False,6,False,,,False,1421,,{},,,False,False,False,nfl,t5_2qmg3,r/nfl,820526,public,,,"[Yates] Jarvis Landry had zero 100 yard games in 2017 and just one 30+ yard catch. In his Browns debut, he went for 106 yards and two 30+ yard gains. Bless’m.",1421,https://twitter.com/fieldyates/status/1039116360675192832?s=21,[],,False,all_ads,6
11,,,False,chelseasaints,,saints,"[{'e': 'text', 't': 'Saints'}]",94b30cfa-9b4a-11e2-9c94-12313d259cae,Saints,dark,richtext,t2_re7gd9m,,,False,False,,False,,False,1536652168.0,1536623368.0,,twitter.com,0,False,0,False,True,9ese96,False,False,False,False,False,False,,,,[],,,dark,text,False,,{},False,,,,[],t3_9ese96,False,35,0,,False,all_ads,/r/nfl/comments/9ese96/peter_king_deshone_kizer_went_up_to_aaron_rodgers/,False,6,False,,,False,335,,{},,,False,False,False,nfl,t5_2qmg3,r/nfl,820526,public,,,[Peter King] DeShone Kizer went up to Aaron Rodgers after Green Bay’s win over Chicago and thanked him for his first win as an NFL player.,335,https://twitter.com/peter_king/status/1039298913348591616?s=19,[],,False,all_ads,6
12,,,False,suzukigun4life,,,[],,,,text,t2_1w89454,,,False,False,,False,,False,1536633059.0,1536604259.0,,twitter.com,0,False,0,False,False,9epqxt,False,False,False,False,False,False,,,,[],,,dark,text,False,,{},False,,,,[],t3_9epqxt,False,159,0,,False,all_ads,/r/nfl/comments/9epqxt/kaboly_in_a_dark_steelers_indoor_facility_just_a/,False,6,False,,,False,829,,{},,,False,False,False,nfl,t5_2qmg3,r/nfl,820526,public,,,"[Kaboly] In a dark Steelers indoor facility just a few minutes ago, Chris Boswell is kicking field goals all by himself -- 42 yards, right hash. Over and over again, 42 yards, right hash. That's the distance he missed the game-winner in OT on Sunday against the Browns.",829,https://twitter.com/MarkKaboly/status/1039200022296965120,[],,False,all_ads,6
13,,,False,RzaEsq,,nfl,"[{'e': 'text', 't': 'NFL'}]",a5174c0a-9b4a-11e2-a852-12313d1841d1,NFL,dark,richtext,t2_107jersj,,,False,False,,False,,False,1536650460.0,1536621660.0,,twitter.com,0,False,0,False,True,9es6lx,False,False,False,False,False,False,,,,[],,,dark,text,False,,{},False,,,,[],t3_9es6lx,False,64,0,,False,all_ads,/r/nfl/comments/9es6lx/yates_sam_darnold_is_the_first_player_to_throw_a/,False,6,False,,,False,346,,{},,,True,False,False,nfl,t5_2qmg3,r/nfl,820526,public,,,[Yates] Sam Darnold is the first player to throw a pick-six on his first career pass since Jameis Winston in 2015. Brett Favre was the last player before that back in 1991.,346,https://twitter.com/fieldyates/status/1039291795795001345?s=21,[],,False,all_ads,6
14,,,False,pupton_sinclair,,colts,"[{'e': 'text', 't': 'Colts'}]",,Colts,dark,richtext,t2_9oomc,,,False,False,,False,,False,1536623257.0,1536594457.0,,theverge.com,0,False,0,False,False,9eobo0,False,False,False,False,False,False,,,,[],,,dark,text,False,,{},False,,,,[],t3_9eobo0,False,233,1,,False,all_ads,/r/nfl/comments/9eobo0/the_nfl_may_have_sent_fake_fan_letters_to_the_fcc/,False,6,False,,,False,1167,,{},,,True,False,False,nfl,t5_2qmg3,r/nfl,820526,public,,,The NFL may have sent fake fan letters to the FCC in 2014 to keep a sports blackout rule,1167,https://www.theverge.com/2018/9/10/17840960/nfl-fake-fan-letters-fcc-2014-sports-blackout-rule,[],,False,all_ads,6
15,,,False,TheAFCfinalist,,colts,"[{'e': 'text', 't': 'Colts'}]",8d8c3c12-9b4a-11e2-9508-12313d259cae,Colts,dark,richtext,t2_2qx2nhz,,,False,False,,False,,False,1536616586.0,1536587786.0,,self.nfl,0,False,0,False,False,9ench1,False,False,False,False,True,False,,,,[],,,dark,text,False,,{},False,,,,[],t3_9ench1,False,607,1,,False,all_ads,/r/nfl/comments/9ench1/steelers_rb_james_conner_currently_leads_the_nfl/,False,6,False,,,False,1474,,{},Source: https://www.pro-football-reference.com/years/2018/leaders.htm,"&lt;!-- SC_OFF --&gt;&lt;div class=""md""&gt;&lt;p&gt;Source: &lt;a href=""https://www.pro-football-reference.com/years/2018/leaders.htm""&gt;https://www.pro-football-reference.com/years/2018/leaders.htm&lt;/a&gt;&lt;/p&gt;
&lt;/div&gt;&lt;!-- SC_ON --&gt;",True,False,False,nfl,t5_2qmg3,r/nfl,820526,public,,,Steelers RB James Conner currently leads the NFL in rushing yards.,1474,https://www.reddit.com/r/nfl/comments/9ench1/steelers_rb_james_conner_currently_leads_the_nfl/,[],,False,all_ads,6
16,,,False,ValKilmsnipsinBatman,,texans,"[{'e': 'text', 't': 'Texans'}]",8c5c60ec-9b4a-11e2-9499-12313d169640,Texans,dark,richtext,t2_ti892,,,False,False,,False,,False,1536630979.0,1536602179.0,,twitter.com,0,False,0,False,False,9epfux,False,False,False,False,False,False,,,grey,"[{'e': 'text', 't': 'Injury Report'}]",16703042-9b4b-11e2-a9ea-12313d1841d1,Injury Report,dark,richtext,False,,{},False,,,,[],t3_9epfux,False,107,0,,False,all_ads,/r/nfl/comments/9epfux/schefter_titans_te_delanie_walker_suffered_a/,False,6,False,,,False,683,,{},,,False,False,False,nfl,t5_2qmg3,r/nfl,820526,public,,,"[Schefter] Titans’ TE Delanie Walker suffered a broken ankle and ligament damage in there as well, per source. He is not expected to play again in 2018.",683,https://twitter.com/AdamSchefter/status/1039210838387843072,[],,False,all_ads,6
17,,,False,ledenutgrafkicker,,,[],,,,text,t2_1yc3s4z9,,,False,False,,False,,False,1536610847.0,1536582047.0,,tampabay.com,0,False,0,False,False,9emlnd,False,False,False,False,False,False,,,,[],,,dark,text,False,,{},False,,,,[],t3_9emlnd,False,287,0,,False,all_ads,/r/nfl/comments/9emlnd/journeyman_qb_ryan_fitzpatrick_proves_he_can_hang/,False,6,False,,,False,1781,,{},,,True,False,False,nfl,t5_2qmg3,r/nfl,820526,public,,,"Journeyman QB Ryan Fitzpatrick proves he can hang with the kids, tallying 5 TDs and 417 yards in Bucs’ win over Saints. Later his teammates showed him the Fitzmagic “me me” on Twitter",1781,http://www.tampabay.com/blogs/bucs/2018/09/09/ryan-fitzpatrick-proves-he-can-hang-with-the-kids-in-bucs-win-over-saints/?nocache,[],,False,all_ads,6
18,,,False,Aangswingman,,steelers,"[{'e': 'text', 't': 'Steelers'}]",,Steelers,dark,richtext,t2_r23v3,,,False,False,,False,,False,1536618168.0,1536589368.0,,twitter.com,0,False,0,False,False,9enklw,False,False,False,False,False,False,,,,[],,,dark,text,False,,{},False,,,,[],t3_9enklw,False,164,0,,False,all_ads,/r/nfl/comments/9enklw/nfl_great_day_for_34_olbs_tj_watt_kicked_off_his/,False,6,False,,,False,1061,,{},,,True,False,False,nfl,t5_2qmg3,r/nfl,820526,public,,,"[NFL] Great day for 3-4 OLBs, TJ Watt kicked off his sophomore season with 11 tackles, 4 sacks, and a blocked FG.",1061,https://twitter.com/nfl/status/1039132663041404928?s=21,[],,False,all_ads,6
19,,,False,JaguarGator9,,jaguars,"[{'e': 'text', 't': 'Jaguars'}]",8ec4eff2-9b4a-11e2-85f7-12313d164929,Jaguars,dark,richtext,t2_fwc85,,,False,False,,False,,False,1536630117.0,1536601317.0,,twitter.com,0,False,0,False,False,9epbes,False,False,False,False,False,False,,,,[],,,dark,text,False,,{},False,,,,[],t3_9epbes,False,309,0,,False,all_ads,/r/nfl/comments/9epbes/hasan_bears_qb_mitchell_trubisky_completed_23/,False,6,False,,,False,536,,{},,,True,False,False,nfl,t5_2qmg3,r/nfl,820526,public,,,[Hasan] Bears QB Mitchell Trubisky completed 23 passes last night. More than half (12/23) of them were completed at or behind the line of scrimmage,536,https://twitter.com/ArifHasanNFL/status/1039205845177909249,[],,False,all_ads,6
20,,,False,Jobbe03,,falcons,"[{'e': 'text', 't': 'Falcons'}]",,Falcons,dark,richtext,t2_9u0b9,,,False,False,,False,,False,1536639657.0,1536610857.0,,twitter.com,0,False,0,False,False,9eqpju,False,False,False,False,False,False,,,,[],,,dark,text,False,,{},False,,,,[],t3_9eqpju,False,303,0,,False,all_ads,/r/nfl/comments/9eqpju/espn_obviously_khalil_mack_didnt_want_to_be_here/,False,6,False,,,False,329,,{},,,False,False,False,nfl,t5_2qmg3,r/nfl,820526,public,,,"[ESPN] ""Obviously, Khalil Mack didn't want to be here. He was under contract"" – Jon Gruden",329,https://twitter.com/ESPNNFL/status/1039246755555143682,[],,False,all_ads,6
21,,,False,letourpowerscombine,,,[],,,,text,t2_uuh5r,,,False,False,,False,,False,1536612768.0,1536583968.0,,tampabay.com,0,False,0,False,False,9emuo0,False,False,False,False,False,False,,,,[],,,dark,text,False,,{},False,,,,[],t3_9emuo0,False,167,0,,False,all_ads,/r/nfl/comments/9emuo0/yesterdays_48point_performance_was_bucs_oc_todd/,False,6,False,,,False,1230,,{},,,True,False,False,nfl,t5_2qmg3,r/nfl,820526,public,,,Yesterday's 48-point performance was Bucs OC Todd Monken's first game as an NFL play-caller,1230,https://www.tampabay.com/blogs/bucs/2018/09/09/todd-monken-dials-up-desean-jackson-td-in-play-calling-debut/,[],,False,all_ads,6
22,,,False,ReallyFnCleverName,,chiefs,"[{'e': 'text', 't': 'Chiefs'}]",,Chiefs,dark,richtext,t2_kkmih,,,False,False,,False,,False,1536629260.0,1536600460.0,,nextgenstats.nfl.com,0,False,0,False,False,9ep71c,False,False,False,False,False,False,,,,[],,,dark,text,False,,{},False,,,,[],t3_9ep71c,False,122,1,,False,all_ads,/r/nfl/comments/9ep71c/tyreek_hill_hit_2195mph_on_sunday_chargers_thats/,False,6,False,,,False,512,,{},,,True,False,False,nfl,t5_2qmg3,r/nfl,820526,public,,,Tyreek Hill hit 21.95mph on Sunday @Chargers. That's faster than all but 1 play in 2017 and it's only week 1.,512,https://nextgenstats.nfl.com/stats/top-plays/fastest-ball-carriers/2018/all,[],,False,all_ads,6
23,,,False,Frokost,,vikings,"[{'e': 'text', 't': 'Vikings'}]",,Vikings,dark,richtext,t2_5x6zc,,,False,False,,False,,False,1536623698.0,1536594898.0,,google.com,0,False,0,False,False,9eodv9,False,False,False,False,False,False,,,,[],,,dark,text,False,,{},False,,,,[],t3_9eodv9,False,94,0,,False,all_ads,/r/nfl/comments/9eodv9/andy_reid_anthony_sherman_is_a_sausage_with_hands/,False,6,False,,,False,635,,{},,,True,False,False,nfl,t5_2qmg3,r/nfl,820526,public,,,Andy Reid: Anthony Sherman is a sausage with hands,635,https://www.google.com/amp/amp.kansascity.com/sports/nfl/kansas-city-chiefs/article218109305.html,[],,False,all_ads,6
24,,,False,TotesAShill,,eagles,"[{'e': 'text', 't': 'Eagles'}]",9a6f8894-9b4a-11e2-93d1-12313d1841d1,Eagles,dark,richtext,t2_20zcy8o7,,,False,False,,False,,False,1536625119.0,1536596319.0,,sports.yahoo.com,0,False,0,False,False,9eoleg,False,False,False,False,False,False,,,,[],,,dark,text,False,,{},False,,,,[],t3_9eoleg,False,241,0,,False,all_ads,/r/nfl/comments/9eoleg/hue_jackson_josh_gordon_wasnt_supposed_to_start/,False,6,False,,,False,558,,{},,,True,False,False,nfl,t5_2qmg3,r/nfl,820526,public,,,Hue Jackson: Josh Gordon wasn’t supposed to start Week 1 but the Browns screwed up.,558,https://sports.yahoo.com/josh-gordon-wasnt-supposed-start-week-1-browns-screwed-224644231.html,[],,False,all_ads,6
25,,,False,JaguarGator9,,jaguars,"[{'e': 'text', 't': 'Jaguars'}]",8ec4eff2-9b4a-11e2-85f7-12313d164929,Jaguars,dark,richtext,t2_fwc85,,,False,False,,False,,False,1536574504.0,1536545704.0,,twitter.com,0,False,0,False,False,9eiqnk,False,False,False,False,False,False,,,,[],,,dark,text,False,,{},False,,,,[],t3_9eiqnk,False,896,1,,False,all_ads,/r/nfl/comments/9eiqnk/nfl_research_khalil_mack_becomes_the_first_player/,False,6,False,,,False,15867,,{},,,True,False,False,nfl,t5_2qmg3,r/nfl,820526,public,,,"[NFL Research] Khalil Mack becomes the first player to record a sack, interception, forced fumble, fumble recovery, and a defensive TD in the same game since... Khalil Mack (Week 12 of 2016)",15867,https://twitter.com/NFLResearch/status/1038973802342797312,[],,False,all_ads,6
26,,,False,pikindaguy,,raiders,"[{'e': 'text', 't': 'Raiders'}]",,Raiders,dark,richtext,t2_3e5lm,,,False,False,,False,,False,1536634181.0,1536605381.0,,pfref.com,0,False,0,False,False,9epwx8,False,False,False,False,False,False,,,,[],,,dark,text,False,,{},False,,,,[],t3_9epwx8,False,39,0,,False,all_ads,/r/nfl/comments/9epwx8/last_three_qbs_to_throw_18_attempts_and_end_up/,False,6,False,,,False,308,,{},,,False,False,False,nfl,t5_2qmg3,r/nfl,820526,public,,,"Last three QBs to throw 18+ attempts and end up with a 0.0 rating: Peterman, Peyton Manning, Eli Manning",308,http://pfref.com/tiny/xZa0e,[],,False,all_ads,6
